	lambda	sigma	e_probability
0	0.5	1	0.07874
1	0.5	2	26.81102
2	0.5	3	26.53543
3	1.0	1	0.01969
4	1.0	2	0.03937
5	1.0	3	0.07874
6	1.5	1	0.0
7	1.5	2	0.03937
8	1.5	3	0.03937
9	2.0	1	0.01969
10	2.0	2	0.03937
11	2.0	3	0.07874
12	2.5	1	0.0
13	2.5	2	0.0
14	2.5	3	0.01969
15	3.0	1	0.01969
16	3.0	2	0.03937
17	3.0	3	0.07874
